timestamp,layer,percentile,stat,value
1765260625.75527,0,0.9,p9000,0.057281494140625
1765260625.75527,0,0.95,p9500,0.07143147786458333
1765260625.75527,0,0.99,p9900,0.11240641276041667
1765260625.75527,0,0.999,p9990,0.4867299397786458
1765260625.75527,0,0.9999,p9999,1.3252766927083333
1765260625.75527,0,,max,2.052734375
1765260625.75527,1,0.9,p9000,0.2588907877604167
1765260625.75527,1,0.95,p9500,0.3370768229166667
1765260625.75527,1,0.99,p9900,0.7110443115234375
1765260625.75527,1,0.999,p9990,9.581624348958334
1765260625.75527,1,0.9999,p9999,377.6145833333333
1765260625.75527,1,,max,2392.3333333333335
1765260625.75527,2,0.9,p9000,0.08168538411458333
1765260625.75527,2,0.95,p9500,0.101165771484375
1765260625.75527,2,0.99,p9900,0.14632161458333334
1765260625.75527,2,0.999,p9990,0.6839650472005209
1765260625.75527,2,0.9999,p9999,4.118001302083333
1765260625.75527,2,,max,4.296875
1765260625.75527,3,0.9,p9000,0.017878214518229168
1765260625.75527,3,0.95,p9500,0.023554484049479168
1765260625.75527,3,0.99,p9900,0.049153645833333336
1765260625.75527,3,0.999,p9990,0.09409459431966145
1765260625.75527,3,0.9999,p9999,0.14452616373697916
1765260625.75527,3,,max,1.3440755208333333
1765260625.75527,4,0.9,p9000,0.19344075520833334
1765260625.75527,4,0.95,p9500,0.2507527669270833
1765260625.75527,4,0.99,p9900,0.43881479899088544
1765260625.75527,4,0.999,p9990,2.2161458333333335
1765260625.75527,4,0.9999,p9999,6.419270833333333
1765260625.75527,4,,max,9.341145833333334
1765260625.75527,5,0.9,p9000,0.02617645263671875
1765260625.75527,5,0.95,p9500,0.033721923828125
1765260625.75527,5,0.99,p9900,0.071197509765625
1765260625.75527,5,0.999,p9990,0.14288202921549478
1765260625.75527,5,0.9999,p9999,0.67626953125
1765260625.75527,5,,max,2.095703125
1765260625.75527,6,0.9,p9000,0.0242919921875
1765260625.75527,6,0.95,p9500,0.03241729736328125
1765260625.75527,6,0.99,p9900,0.078765869140625
1765260625.75527,6,0.999,p9990,0.17687861124674478
1765260625.75527,6,0.9999,p9999,0.4103190104166667
1765260625.75527,6,,max,3.3665364583333335
1765260625.75527,7,0.9,p9000,0.026079813639322918
1765260625.75527,7,0.95,p9500,0.034393310546875
1765260625.75527,7,0.99,p9900,0.08375040690104167
1765260625.75527,7,0.999,p9990,0.19525019327799478
1765260625.75527,7,0.9999,p9999,0.328521728515625
1765260625.75527,7,,max,5.066731770833333
1765260625.75527,8,0.9,p9000,0.026189168294270832
1765260625.75527,8,0.95,p9500,0.03523063659667969
1765260625.75527,8,0.99,p9900,0.09364128112792969
1765260625.75527,8,0.999,p9990,0.20743306477864584
1765260625.75527,8,0.9999,p9999,0.4721272786458333
1765260625.75527,8,,max,7.727213541666667
1765260625.75527,9,0.9,p9000,0.028216044108072918
1765260625.75527,9,0.95,p9500,0.038401285807291664
1765260625.75527,9,0.99,p9900,0.10505167643229167
1765260625.75527,9,0.999,p9990,0.22263209025065103
1765260625.75527,9,0.9999,p9999,0.4723307291666667
1765260625.75527,9,,max,4.213541666666667
1765260625.75527,10,0.9,p9000,0.036677042643229164
1765260625.75527,10,0.95,p9500,0.047846476236979164
1765260625.75527,10,0.99,p9900,0.11474609375
1765260625.75527,10,0.999,p9990,0.24330012003580728
1765260625.75527,10,0.9999,p9999,0.50128173828125
1765260625.75527,10,,max,2.81640625
1765260625.75527,11,0.9,p9000,0.038228352864583336
1765260625.75527,11,0.95,p9500,0.0501708984375
1765260625.75527,11,0.99,p9900,0.12258529663085938
1765260625.75527,11,0.999,p9990,0.2556139628092448
1765260625.75527,11,0.9999,p9999,0.6530558268229166
1765260625.75527,11,,max,2.5973307291666665
1765260625.75527,12,0.9,p9000,0.030948638916015625
1765260625.75527,12,0.95,p9500,0.042811075846354164
1765260625.75527,12,0.99,p9900,0.12003580729166667
1765260625.75527,12,0.999,p9990,0.2644805908203125
1765260625.75527,12,0.9999,p9999,0.3737589518229167
1765260625.75527,12,,max,2.1043294270833335
1765260625.75527,13,0.9,p9000,0.034952799479166664
1765260625.75527,13,0.95,p9500,0.048670450846354164
1765260625.75527,13,0.99,p9900,0.14201863606770834
1765260625.75527,13,0.999,p9990,0.3012542724609375
1765260625.75527,13,0.9999,p9999,0.5701904296875
1765260625.75527,13,,max,3.5113932291666665
1765260625.75527,14,0.9,p9000,0.0341796875
1765260625.75527,14,0.95,p9500,0.04877344767252604
1765260625.75527,14,0.99,p9900,0.15064493815104166
1765260625.75527,14,0.999,p9990,0.3143666585286458
1765260625.75527,14,0.9999,p9999,0.4524332682291667
1765260625.75527,14,,max,1.9900716145833333
1765260625.75527,15,0.9,p9000,0.050201416015625
1765260625.75527,15,0.95,p9500,0.06913248697916667
1765260625.75527,15,0.99,p9900,0.18927001953125
1765260625.75527,15,0.999,p9990,0.3920440673828125
1765260625.75527,15,0.9999,p9999,0.5758463541666666
1765260625.75527,15,,max,4.2744140625
1765260625.75527,16,0.9,p9000,0.3134358723958333
1765260625.75527,16,0.95,p9500,0.3888346354166667
1765260625.75527,16,0.99,p9900,0.6622975667317709
1765260625.75527,16,0.999,p9990,2.9527994791666665
1765260625.75527,16,0.9999,p9999,4.987630208333333
1765260625.75527,16,,max,5.780598958333333
1765260625.75527,17,0.9,p9000,0.043670654296875
1765260625.75527,17,0.95,p9500,0.06589253743489583
1765260625.75527,17,0.99,p9900,0.21179835001627603
1765260625.75527,17,0.999,p9990,0.4245554606119792
1765260625.75527,17,0.9999,p9999,0.6754557291666666
1765260625.75527,17,,max,3.7913411458333335
1765260625.75527,18,0.9,p9000,0.038508097330729164
1765260625.75527,18,0.95,p9500,0.06908162434895833
1765260625.75527,18,0.99,p9900,0.23571014404296875
1765260625.75527,18,0.999,p9990,0.46800486246744794
1765260625.75527,18,0.9999,p9999,0.77838134765625
1765260625.75527,18,,max,17.526041666666668
1765260625.75527,19,0.9,p9000,0.22056070963541666
1765260625.75527,19,0.95,p9500,0.2830403645833333
1765260625.75527,19,0.99,p9900,0.5407969156901041
1765260625.75527,19,0.999,p9990,2.2341715494791665
1765260625.75527,19,0.9999,p9999,3.4961751302083335
1765260625.75527,19,,max,6.301432291666667
1765260625.75527,20,0.9,p9000,0.04692204793294271
1765260625.75527,20,0.95,p9500,0.07253011067708333
1765260625.75527,20,0.99,p9900,0.2311121622721354
1765260625.75527,20,0.999,p9990,0.500885009765625
1765260625.75527,20,0.9999,p9999,0.7743326822916666
1765260625.75527,20,,max,5.253255208333333
1765260625.75527,21,0.9,p9000,0.04888916015625
1765260625.75527,21,0.95,p9500,0.07451375325520833
1765260625.75527,21,0.99,p9900,0.2381591796875
1765260625.75527,21,0.999,p9990,0.5593516031901041
1765260625.75527,21,0.9999,p9999,0.8667195638020834
1765260625.75527,21,,max,3.7317708333333335
1765260625.75527,22,0.9,p9000,0.04339599609375
1765260625.75527,22,0.95,p9500,0.07009379069010417
1765260625.75527,22,0.99,p9900,0.23669306437174478
1765260625.75527,22,0.999,p9990,0.5484161376953125
1765260625.75527,22,0.9999,p9999,0.82562255859375
1765260625.75527,22,,max,2.5309244791666665
1765260625.75527,23,0.9,p9000,0.055308024088541664
1765260625.75527,23,0.95,p9500,0.08144124348958333
1765260625.75527,23,0.99,p9900,0.2475102742513021
1765260625.75527,23,0.999,p9990,0.5810496012369791
1765260625.75527,23,0.9999,p9999,0.9054361979166666
1765260625.75527,23,,max,3.4423828125
1765260625.75527,24,0.9,p9000,0.045420328776041664
1765260625.75527,24,0.95,p9500,0.07144673665364583
1765260625.75527,24,0.99,p9900,0.24562581380208334
1765260625.75527,24,0.999,p9990,0.5945103963216146
1765260625.75527,24,0.9999,p9999,0.91168212890625
1765260625.75527,24,,max,3.4462890625
1765260625.75527,25,0.9,p9000,0.06678263346354167
1765260625.75527,25,0.95,p9500,0.09525553385416667
1765260625.75527,25,0.99,p9900,0.27044677734375
1765260625.75527,25,0.999,p9990,0.61431884765625
1765260625.75527,25,0.9999,p9999,0.9865926106770834
1765260625.75527,25,,max,6.8203125
1765260625.75527,26,0.9,p9000,0.0614776611328125
1765260625.75527,26,0.95,p9500,0.10222371419270833
1765260625.75527,26,0.99,p9900,0.28600311279296875
1765260625.75527,26,0.999,p9990,0.6122080485026041
1765260625.75527,26,0.9999,p9999,0.9224650065104166
1765260625.75527,26,,max,2.94287109375
1765260625.75527,27,0.9,p9000,0.09742228190104167
1765260625.75527,27,0.95,p9500,0.13913981119791666
1765260625.75527,27,0.99,p9900,0.3273111979166667
1765260625.75527,27,0.999,p9990,0.674713134765625
1765260625.75527,27,0.9999,p9999,0.991943359375
1765260625.75527,27,,max,3.3984375
1765260625.75527,28,0.9,p9000,0.10491943359375
1765260625.75527,28,0.95,p9500,0.16219075520833334
1765260625.75527,28,0.99,p9900,0.36083984375
1765260625.75527,28,0.999,p9990,0.7381134033203125
1765260625.75527,28,0.9999,p9999,1.1519775390625
1765260625.75527,28,,max,6.548177083333333
1765260625.75527,29,0.9,p9000,0.18650309244791666
1765260625.75527,29,0.95,p9500,0.24953206380208334
1765260625.75527,29,0.99,p9900,0.4749348958333333
1765260625.75527,29,0.999,p9990,1.2307535807291667
1765260625.75527,29,0.9999,p9999,3.0216471354166665
1765260625.75527,29,,max,40.234375
1765260625.75527,30,0.9,p9000,0.4350179036458333
1765260625.75527,30,0.95,p9500,0.571044921875
1765260625.75527,30,0.99,p9900,1.095184326171875
1765260625.75527,30,0.999,p9990,4.582438151041667
1765260625.75527,30,0.9999,p9999,176.77864583333334
1765260625.75527,30,,max,5229.0
1765260625.75527,31,0.9,p9000,2.4495442708333335
1765260625.75527,31,0.95,p9500,3.25390625
1765260625.75527,31,0.99,p9900,6.080281575520833
1765260625.75527,31,0.999,p9990,26.0751953125
1765260625.75527,31,0.9999,p9999,73.42317708333333
1765260625.75527,31,,max,242.625
1765262338.4728434,0,0.9,p9000,0.0033063888549804688
1765262338.4728434,0,0.95,p9500,0.0050894419352213545
1765262338.4728434,0,0.99,p9900,0.0166168212890625
1765262338.4728434,0,0.999,p9990,0.1404139200846354
1765262338.4728434,0,0.9999,p9999,1.2953694661458333
1765262338.4728434,0,,max,2.203125
1765262338.4728434,1,0.9,p9000,0.016292572021484375
1765262338.4728434,1,0.95,p9500,0.0255279541015625
1765262338.4728434,1,0.99,p9900,0.07176844278971355
1765262338.4728434,1,0.999,p9990,0.42374928792317706
1765262338.4728434,1,0.9999,p9999,72.97037760416667
1765262338.4728434,1,,max,1479.3333333333333
1765262338.4728434,2,0.9,p9000,0.0024401346842447915
1765262338.4728434,2,0.95,p9500,0.004122416178385417
1765262338.4728434,2,0.99,p9900,0.014695485432942709
1765262338.4728434,2,0.999,p9990,0.0744489034016927
1765262338.4728434,2,0.9999,p9999,0.3372039794921875
1765262338.4728434,2,,max,4.625
1765262338.4728434,3,0.9,p9000,0.0044027964274088545
1765262338.4728434,3,0.95,p9500,0.007287343343098958
1765262338.4728434,3,0.99,p9900,0.019193013509114582
1765262338.4728434,3,0.999,p9990,0.051025708516438804
1765262338.4728434,3,0.9999,p9999,0.12439282735188802
1765262338.4728434,3,,max,1.9407552083333333
1765262338.4728434,4,0.9,p9000,0.009455362955729166
1765262338.4728434,4,0.95,p9500,0.015262603759765625
1765262338.4728434,4,0.99,p9900,0.03936322530110677
1765262338.4728434,4,0.999,p9990,0.1133282979329427
1765262338.4728434,4,0.9999,p9999,5.536092122395833
1765262338.4728434,4,,max,11.428385416666666
1765262338.4728434,5,0.9,p9000,0.009072621663411459
1765262338.4728434,5,0.95,p9500,0.013439178466796875
1765262338.4728434,5,0.99,p9900,0.0294345219930013
1765262338.4728434,5,0.999,p9990,0.07275644938151042
1765262338.4728434,5,0.9999,p9999,0.16460673014322916
1765262338.4728434,5,,max,3.1842447916666665
1765262338.4728434,6,0.9,p9000,0.00860595703125
1765262338.4728434,6,0.95,p9500,0.012819925944010416
1765262338.4728434,6,0.99,p9900,0.031682332356770836
1765262338.4728434,6,0.999,p9990,0.09129079182942708
1765262338.4728434,6,0.9999,p9999,0.20737075805664062
1765262338.4728434,6,,max,5.03515625
1765262338.4728434,7,0.9,p9000,0.010028839111328125
1765262338.4728434,7,0.95,p9500,0.014567057291666666
1765262338.4728434,7,0.99,p9900,0.03480307261149088
1765262338.4728434,7,0.999,p9990,0.10021209716796875
1765262338.4728434,7,0.9999,p9999,0.23302841186523438
1765262338.4728434,7,,max,6.7705078125
1765262338.4728434,8,0.9,p9000,0.010117848714192709
1765262338.4728434,8,0.95,p9500,0.014882405598958334
1765262338.4728434,8,0.99,p9900,0.0388641357421875
1765262338.4728434,8,0.999,p9990,0.11341158548990886
1765262338.4728434,8,0.9999,p9999,0.2597808837890625
1765262338.4728434,8,,max,11.011067708333334
1765262338.4728434,9,0.9,p9000,0.010313669840494791
1765262338.4728434,9,0.95,p9500,0.015589396158854166
1765262338.4728434,9,0.99,p9900,0.04084904988606771
1765262338.4728434,9,0.999,p9990,0.12519391377766928
1765262338.4728434,9,0.9999,p9999,0.28214772542317706
1765262338.4728434,9,,max,7.321614583333333
1765262338.4728434,10,0.9,p9000,0.010884602864583334
1765262338.4728434,10,0.95,p9500,0.016634623209635418
1765262338.4728434,10,0.99,p9900,0.045720418294270836
1765262338.4728434,10,0.999,p9990,0.13718732198079428
1765262338.4728434,10,0.9999,p9999,0.48771413167317706
1765262338.4728434,10,,max,5.3125
1765262338.4728434,11,0.9,p9000,0.011124928792317709
1765262338.4728434,11,0.95,p9500,0.017771402994791668
1765262338.4728434,11,0.99,p9900,0.0505987803141276
1765262338.4728434,11,0.999,p9990,0.14764022827148438
1765262338.4728434,11,0.9999,p9999,0.36488087972005206
1765262338.4728434,11,,max,6.602213541666667
1765262338.4728434,12,0.9,p9000,0.010500590006510416
1765262338.4728434,12,0.95,p9500,0.016330718994140625
1765262338.4728434,12,0.99,p9900,0.0483862559000651
1765262338.4728434,12,0.999,p9990,0.14834467569986978
1765262338.4728434,12,0.9999,p9999,0.34554290771484375
1765262338.4728434,12,,max,4.350911458333333
1765262338.4728434,13,0.9,p9000,0.010955810546875
1765262338.4728434,13,0.95,p9500,0.017690022786458332
1765262338.4728434,13,0.99,p9900,0.054402669270833336
1765262338.4728434,13,0.999,p9990,0.16305414835611978
1765262338.4728434,13,0.9999,p9999,0.44251759847005206
1765262338.4728434,13,,max,6.913411458333333
1765262338.4728434,14,0.9,p9000,0.011025746663411459
1765262338.4728434,14,0.95,p9500,0.01778411865234375
1765262338.4728434,14,0.99,p9900,0.058624267578125
1765262338.4728434,14,0.999,p9990,0.17690149943033853
1765262338.4728434,14,0.9999,p9999,0.3985087076822917
1765262338.4728434,14,,max,6.28515625
1765262338.4728434,15,0.9,p9000,0.012299855550130209
1765262338.4728434,15,0.95,p9500,0.02051544189453125
1765262338.4728434,15,0.99,p9900,0.07036399841308594
1765262338.4728434,15,0.999,p9990,0.23773829142252603
1765262338.4728434,15,0.9999,p9999,0.5236256917317709
1765262338.4728434,15,,max,7.670572916666667
1765262338.4728434,16,0.9,p9000,0.013167063395182291
1765262338.4728434,16,0.95,p9500,0.022539774576822918
1765262338.4728434,16,0.99,p9900,0.07552210489908855
1765262338.4728434,16,0.999,p9990,0.24810918172200522
1765262338.4728434,16,0.9999,p9999,1.293243408203125
1765262338.4728434,16,,max,18.434895833333332
1765262338.4728434,17,0.9,p9000,0.011333465576171875
1765262338.4728434,17,0.95,p9500,0.020365397135416668
1765262338.4728434,17,0.99,p9900,0.07408777872721355
1765262338.4728434,17,0.999,p9990,0.24186325073242188
1765262338.4728434,17,0.9999,p9999,0.7786661783854166
1765262338.4728434,17,,max,8.362630208333334
1765262338.4728434,18,0.9,p9000,0.0119781494140625
1765262338.4728434,18,0.95,p9500,0.022516886393229168
1765262338.4728434,18,0.99,p9900,0.0836804707845052
1765262338.4728434,18,0.999,p9990,0.25986480712890625
1765262338.4728434,18,0.9999,p9999,0.7018992106119791
1765262338.4728434,18,,max,30.231770833333332
1765262338.4728434,19,0.9,p9000,0.01308441162109375
1765262338.4728434,19,0.95,p9500,0.024275461832682293
1765262338.4728434,19,0.99,p9900,0.08595911661783855
1765262338.4728434,19,0.999,p9990,0.2761243184407552
1765262338.4728434,19,0.9999,p9999,1.4145100911458333
1765262338.4728434,19,,max,15.903645833333334
1765262338.4728434,20,0.9,p9000,0.013905843098958334
1765262338.4728434,20,0.95,p9500,0.025461832682291668
1765262338.4728434,20,0.99,p9900,0.0883928934733073
1765262338.4728434,20,0.999,p9990,0.26681772867838544
1765262338.4728434,20,0.9999,p9999,0.7014719645182291
1765262338.4728434,20,,max,7.770833333333333
1765262338.4728434,21,0.9,p9000,0.014858245849609375
1765262338.4728434,21,0.95,p9500,0.027187347412109375
1765262338.4728434,21,0.99,p9900,0.09153493245442708
1765262338.4728434,21,0.999,p9990,0.2674242655436198
1765262338.4728434,21,0.9999,p9999,0.7242228190104166
1765262338.4728434,21,,max,13.526041666666666
1765262338.4728434,22,0.9,p9000,0.015331268310546875
1765262338.4728434,22,0.95,p9500,0.02745819091796875
1765262338.4728434,22,0.99,p9900,0.09081141153971355
1765262338.4728434,22,0.999,p9990,0.2744038899739583
1765262338.4728434,22,0.9999,p9999,0.7360636393229166
1765262338.4728434,22,,max,10.626302083333334
1765262338.4728434,23,0.9,p9000,0.015360514322916666
1765262338.4728434,23,0.95,p9500,0.02721405029296875
1765262338.4728434,23,0.99,p9900,0.0924695332845052
1765262338.4728434,23,0.999,p9990,0.3042640686035156
1765262338.4728434,23,0.9999,p9999,0.786834716796875
1765262338.4728434,23,,max,12.795572916666666
1765262338.4728434,24,0.9,p9000,0.015424092610677084
1765262338.4728434,24,0.95,p9500,0.027669270833333332
1765262338.4728434,24,0.99,p9900,0.093231201171875
1765262338.4728434,24,0.999,p9990,0.27985509236653644
1765262338.4728434,24,0.9999,p9999,0.7559102376302084
1765262338.4728434,24,,max,12.220052083333334
1765262338.4728434,25,0.9,p9000,0.01726531982421875
1765262338.4728434,25,0.95,p9500,0.031687418619791664
1765262338.4728434,25,0.99,p9900,0.10743204752604167
1765262338.4728434,25,0.999,p9990,0.33104197184244794
1765262338.4728434,25,0.9999,p9999,0.8623148600260416
1765262338.4728434,25,,max,12.822916666666666
1765262338.4728434,26,0.9,p9000,0.019765218098958332
1765262338.4728434,26,0.95,p9500,0.0365447998046875
1765262338.4728434,26,0.99,p9900,0.12290445963541667
1765262338.4728434,26,0.999,p9990,0.35464731852213544
1765262338.4728434,26,0.9999,p9999,0.8260752360026041
1765262338.4728434,26,,max,11.598958333333334
1765262338.4728434,27,0.9,p9000,0.022252400716145832
1765262338.4728434,27,0.95,p9500,0.042584737141927086
1765262338.4728434,27,0.99,p9900,0.15342203776041666
1765262338.4728434,27,0.999,p9990,0.4613698323567708
1765262338.4728434,27,0.9999,p9999,1.318634033203125
1765262338.4728434,27,,max,14.567708333333334
1765262338.4728434,28,0.9,p9000,0.026392618815104168
1765262338.4728434,28,0.95,p9500,0.052342732747395836
1765262338.4728434,28,0.99,p9900,0.1998112996419271
1765262338.4728434,28,0.999,p9990,0.5761566162109375
1765262338.4728434,28,0.9999,p9999,1.0984395345052083
1765262338.4728434,28,,max,13.84375
1765262338.4728434,29,0.9,p9000,0.032763163248697914
1765262338.4728434,29,0.95,p9500,0.06716156005859375
1765262338.4728434,29,0.99,p9900,0.3062845865885417
1765262338.4728434,29,0.999,p9990,0.7257181803385416
1765262338.4728434,29,0.9999,p9999,1.8787841796875
1765262338.4728434,29,,max,38.125
1765262338.4728434,30,0.9,p9000,0.061126708984375
1765262338.4728434,30,0.95,p9500,0.130157470703125
1765262338.4728434,30,0.99,p9900,0.5313720703125
1765262338.4728434,30,0.999,p9990,1.4705912272135417
1765262338.4728434,30,0.9999,p9999,26.70947265625
1765262338.4728434,30,,max,3075.1666666666665
1765262338.4728434,31,0.9,p9000,0.4328206380208333
1765262338.4728434,31,0.95,p9500,0.7573649088541666
1765262338.4728434,31,0.99,p9900,2.6107177734375
1765262338.4728434,31,0.999,p9990,9.6219482421875
1765262338.4728434,31,0.9999,p9999,21.51025390625
1765262338.4728434,31,,max,72.3125
1765263227.8238258,0,0.9,p9000,0.0033063888549804688
1765263227.8238258,0,0.95,p9500,0.0050894419352213545
1765263227.8238258,0,0.99,p9900,0.0166168212890625
1765263227.8238258,0,0.999,p9990,0.1404139200846354
1765263227.8238258,0,0.9999,p9999,1.2953694661458333
1765263227.8238258,0,,max,2.203125
1765263227.8238258,1,0.9,p9000,0.016292572021484375
1765263227.8238258,1,0.95,p9500,0.0255279541015625
1765263227.8238258,1,0.99,p9900,0.07176844278971355
1765263227.8238258,1,0.999,p9990,0.42374928792317706
1765263227.8238258,1,0.9999,p9999,72.97037760416667
1765263227.8238258,1,,max,1479.3333333333333
1765263227.8238258,2,0.9,p9000,0.0024401346842447915
1765263227.8238258,2,0.95,p9500,0.004122416178385417
1765263227.8238258,2,0.99,p9900,0.014695485432942709
1765263227.8238258,2,0.999,p9990,0.0744489034016927
1765263227.8238258,2,0.9999,p9999,0.3372039794921875
1765263227.8238258,2,,max,4.625
1765263227.8238258,3,0.9,p9000,0.0044027964274088545
1765263227.8238258,3,0.95,p9500,0.007287343343098958
1765263227.8238258,3,0.99,p9900,0.019193013509114582
1765263227.8238258,3,0.999,p9990,0.051025708516438804
1765263227.8238258,3,0.9999,p9999,0.12439282735188802
1765263227.8238258,3,,max,1.9407552083333333
1765263227.8238258,4,0.9,p9000,0.009455362955729166
1765263227.8238258,4,0.95,p9500,0.015262603759765625
1765263227.8238258,4,0.99,p9900,0.03936322530110677
1765263227.8238258,4,0.999,p9990,0.1133282979329427
1765263227.8238258,4,0.9999,p9999,5.536092122395833
1765263227.8238258,4,,max,11.428385416666666
1765263227.8238258,5,0.9,p9000,0.009072621663411459
1765263227.8238258,5,0.95,p9500,0.013439178466796875
1765263227.8238258,5,0.99,p9900,0.0294345219930013
1765263227.8238258,5,0.999,p9990,0.07275644938151042
1765263227.8238258,5,0.9999,p9999,0.16460673014322916
1765263227.8238258,5,,max,3.1842447916666665
1765263227.8238258,6,0.9,p9000,0.00860595703125
1765263227.8238258,6,0.95,p9500,0.012819925944010416
1765263227.8238258,6,0.99,p9900,0.031682332356770836
1765263227.8238258,6,0.999,p9990,0.09129079182942708
1765263227.8238258,6,0.9999,p9999,0.20737075805664062
1765263227.8238258,6,,max,5.03515625
1765263227.8238258,7,0.9,p9000,0.010028839111328125
1765263227.8238258,7,0.95,p9500,0.014567057291666666
1765263227.8238258,7,0.99,p9900,0.03480307261149088
1765263227.8238258,7,0.999,p9990,0.10021209716796875
1765263227.8238258,7,0.9999,p9999,0.23302841186523438
1765263227.8238258,7,,max,6.7705078125
1765263227.8238258,8,0.9,p9000,0.010117848714192709
1765263227.8238258,8,0.95,p9500,0.014882405598958334
1765263227.8238258,8,0.99,p9900,0.0388641357421875
1765263227.8238258,8,0.999,p9990,0.11341158548990886
1765263227.8238258,8,0.9999,p9999,0.2597808837890625
1765263227.8238258,8,,max,11.011067708333334
1765263227.8238258,9,0.9,p9000,0.010313669840494791
1765263227.8238258,9,0.95,p9500,0.015589396158854166
1765263227.8238258,9,0.99,p9900,0.04084904988606771
1765263227.8238258,9,0.999,p9990,0.12519391377766928
1765263227.8238258,9,0.9999,p9999,0.28214772542317706
1765263227.8238258,9,,max,7.321614583333333
1765263227.8238258,10,0.9,p9000,0.010884602864583334
1765263227.8238258,10,0.95,p9500,0.016634623209635418
1765263227.8238258,10,0.99,p9900,0.045720418294270836
1765263227.8238258,10,0.999,p9990,0.13718732198079428
1765263227.8238258,10,0.9999,p9999,0.48771413167317706
1765263227.8238258,10,,max,5.3125
1765263227.8238258,11,0.9,p9000,0.011124928792317709
1765263227.8238258,11,0.95,p9500,0.017771402994791668
1765263227.8238258,11,0.99,p9900,0.0505987803141276
1765263227.8238258,11,0.999,p9990,0.14764022827148438
1765263227.8238258,11,0.9999,p9999,0.36488087972005206
1765263227.8238258,11,,max,6.602213541666667
1765263227.8238258,12,0.9,p9000,0.010500590006510416
1765263227.8238258,12,0.95,p9500,0.016330718994140625
1765263227.8238258,12,0.99,p9900,0.0483862559000651
1765263227.8238258,12,0.999,p9990,0.14834467569986978
1765263227.8238258,12,0.9999,p9999,0.34554290771484375
1765263227.8238258,12,,max,4.350911458333333
1765263227.8238258,13,0.9,p9000,0.010955810546875
1765263227.8238258,13,0.95,p9500,0.017690022786458332
1765263227.8238258,13,0.99,p9900,0.054402669270833336
1765263227.8238258,13,0.999,p9990,0.16305414835611978
1765263227.8238258,13,0.9999,p9999,0.44251759847005206
1765263227.8238258,13,,max,6.913411458333333
1765263227.8238258,14,0.9,p9000,0.011025746663411459
1765263227.8238258,14,0.95,p9500,0.01778411865234375
1765263227.8238258,14,0.99,p9900,0.058624267578125
1765263227.8238258,14,0.999,p9990,0.17690149943033853
1765263227.8238258,14,0.9999,p9999,0.3985087076822917
1765263227.8238258,14,,max,6.28515625
1765263227.8238258,15,0.9,p9000,0.012299855550130209
1765263227.8238258,15,0.95,p9500,0.02051544189453125
1765263227.8238258,15,0.99,p9900,0.07036399841308594
1765263227.8238258,15,0.999,p9990,0.23773829142252603
1765263227.8238258,15,0.9999,p9999,0.5236256917317709
1765263227.8238258,15,,max,7.670572916666667
1765263227.8238258,16,0.9,p9000,0.013167063395182291
1765263227.8238258,16,0.95,p9500,0.022539774576822918
1765263227.8238258,16,0.99,p9900,0.07552210489908855
1765263227.8238258,16,0.999,p9990,0.24810918172200522
1765263227.8238258,16,0.9999,p9999,1.293243408203125
1765263227.8238258,16,,max,18.434895833333332
1765263227.8238258,17,0.9,p9000,0.011333465576171875
1765263227.8238258,17,0.95,p9500,0.020365397135416668
1765263227.8238258,17,0.99,p9900,0.07408777872721355
1765263227.8238258,17,0.999,p9990,0.24186325073242188
1765263227.8238258,17,0.9999,p9999,0.7786661783854166
1765263227.8238258,17,,max,8.362630208333334
1765263227.8238258,18,0.9,p9000,0.0119781494140625
1765263227.8238258,18,0.95,p9500,0.022516886393229168
1765263227.8238258,18,0.99,p9900,0.0836804707845052
1765263227.8238258,18,0.999,p9990,0.25986480712890625
1765263227.8238258,18,0.9999,p9999,0.7018992106119791
1765263227.8238258,18,,max,30.231770833333332
1765263227.8238258,19,0.9,p9000,0.01308441162109375
1765263227.8238258,19,0.95,p9500,0.024275461832682293
1765263227.8238258,19,0.99,p9900,0.08595911661783855
1765263227.8238258,19,0.999,p9990,0.2761243184407552
1765263227.8238258,19,0.9999,p9999,1.4145100911458333
1765263227.8238258,19,,max,15.903645833333334
1765263227.8238258,20,0.9,p9000,0.013905843098958334
1765263227.8238258,20,0.95,p9500,0.025461832682291668
1765263227.8238258,20,0.99,p9900,0.0883928934733073
1765263227.8238258,20,0.999,p9990,0.26681772867838544
1765263227.8238258,20,0.9999,p9999,0.7014719645182291
1765263227.8238258,20,,max,7.770833333333333
1765263227.8238258,21,0.9,p9000,0.014858245849609375
1765263227.8238258,21,0.95,p9500,0.027187347412109375
1765263227.8238258,21,0.99,p9900,0.09153493245442708
1765263227.8238258,21,0.999,p9990,0.2674242655436198
1765263227.8238258,21,0.9999,p9999,0.7242228190104166
1765263227.8238258,21,,max,13.526041666666666
1765263227.8238258,22,0.9,p9000,0.015331268310546875
1765263227.8238258,22,0.95,p9500,0.02745819091796875
1765263227.8238258,22,0.99,p9900,0.09081141153971355
1765263227.8238258,22,0.999,p9990,0.2744038899739583
1765263227.8238258,22,0.9999,p9999,0.7360636393229166
1765263227.8238258,22,,max,10.626302083333334
1765263227.8238258,23,0.9,p9000,0.015360514322916666
1765263227.8238258,23,0.95,p9500,0.02721405029296875
1765263227.8238258,23,0.99,p9900,0.0924695332845052
1765263227.8238258,23,0.999,p9990,0.3042640686035156
1765263227.8238258,23,0.9999,p9999,0.786834716796875
1765263227.8238258,23,,max,12.795572916666666
1765263227.8238258,24,0.9,p9000,0.015424092610677084
1765263227.8238258,24,0.95,p9500,0.027669270833333332
1765263227.8238258,24,0.99,p9900,0.093231201171875
1765263227.8238258,24,0.999,p9990,0.27985509236653644
1765263227.8238258,24,0.9999,p9999,0.7559102376302084
1765263227.8238258,24,,max,12.220052083333334
1765263227.8238258,25,0.9,p9000,0.01726531982421875
1765263227.8238258,25,0.95,p9500,0.031687418619791664
1765263227.8238258,25,0.99,p9900,0.10743204752604167
1765263227.8238258,25,0.999,p9990,0.33104197184244794
1765263227.8238258,25,0.9999,p9999,0.8623148600260416
1765263227.8238258,25,,max,12.822916666666666
1765263227.8238258,26,0.9,p9000,0.019765218098958332
1765263227.8238258,26,0.95,p9500,0.0365447998046875
1765263227.8238258,26,0.99,p9900,0.12290445963541667
1765263227.8238258,26,0.999,p9990,0.35464731852213544
1765263227.8238258,26,0.9999,p9999,0.8260752360026041
1765263227.8238258,26,,max,11.598958333333334
1765263227.8238258,27,0.9,p9000,0.022252400716145832
1765263227.8238258,27,0.95,p9500,0.042584737141927086
1765263227.8238258,27,0.99,p9900,0.15342203776041666
1765263227.8238258,27,0.999,p9990,0.4613698323567708
1765263227.8238258,27,0.9999,p9999,1.318634033203125
1765263227.8238258,27,,max,14.567708333333334
1765263227.8238258,28,0.9,p9000,0.026392618815104168
1765263227.8238258,28,0.95,p9500,0.052342732747395836
1765263227.8238258,28,0.99,p9900,0.1998112996419271
1765263227.8238258,28,0.999,p9990,0.5761566162109375
1765263227.8238258,28,0.9999,p9999,1.0984395345052083
1765263227.8238258,28,,max,13.84375
1765263227.8238258,29,0.9,p9000,0.032763163248697914
1765263227.8238258,29,0.95,p9500,0.06716156005859375
1765263227.8238258,29,0.99,p9900,0.3062845865885417
1765263227.8238258,29,0.999,p9990,0.7257181803385416
1765263227.8238258,29,0.9999,p9999,1.8787841796875
1765263227.8238258,29,,max,38.125
1765263227.8238258,30,0.9,p9000,0.061126708984375
1765263227.8238258,30,0.95,p9500,0.130157470703125
1765263227.8238258,30,0.99,p9900,0.5313720703125
1765263227.8238258,30,0.999,p9990,1.4705912272135417
1765263227.8238258,30,0.9999,p9999,26.70947265625
1765263227.8238258,30,,max,3075.1666666666665
1765263227.8238258,31,0.9,p9000,0.4328206380208333
1765263227.8238258,31,0.95,p9500,0.7573649088541666
1765263227.8238258,31,0.99,p9900,2.6107177734375
1765263227.8238258,31,0.999,p9990,9.6219482421875
1765263227.8238258,31,0.9999,p9999,21.51025390625
1765263227.8238258,31,,max,72.3125
1765263835.6372669,0,0.9,p9000,0.0033063888549804688
1765263835.6372669,0,0.95,p9500,0.0050894419352213545
1765263835.6372669,0,0.99,p9900,0.0166168212890625
1765263835.6372669,0,0.999,p9990,0.1404139200846354
1765263835.6372669,0,0.9999,p9999,1.2953694661458333
1765263835.6372669,0,,max,2.203125
1765263835.6372669,1,0.9,p9000,0.016292572021484375
1765263835.6372669,1,0.95,p9500,0.0255279541015625
1765263835.6372669,1,0.99,p9900,0.07176844278971355
1765263835.6372669,1,0.999,p9990,0.42374928792317706
1765263835.6372669,1,0.9999,p9999,72.97037760416667
1765263835.6372669,1,,max,1479.3333333333333
1765263835.6372669,2,0.9,p9000,0.0024401346842447915
1765263835.6372669,2,0.95,p9500,0.004122416178385417
1765263835.6372669,2,0.99,p9900,0.014695485432942709
1765263835.6372669,2,0.999,p9990,0.0744489034016927
1765263835.6372669,2,0.9999,p9999,0.3372039794921875
1765263835.6372669,2,,max,4.625
1765263835.6372669,3,0.9,p9000,0.0044027964274088545
1765263835.6372669,3,0.95,p9500,0.007287343343098958
1765263835.6372669,3,0.99,p9900,0.019193013509114582
1765263835.6372669,3,0.999,p9990,0.051025708516438804
1765263835.6372669,3,0.9999,p9999,0.12439282735188802
1765263835.6372669,3,,max,1.9407552083333333
1765263835.6372669,4,0.9,p9000,0.009455362955729166
1765263835.6372669,4,0.95,p9500,0.015262603759765625
1765263835.6372669,4,0.99,p9900,0.03936322530110677
1765263835.6372669,4,0.999,p9990,0.1133282979329427
1765263835.6372669,4,0.9999,p9999,5.536092122395833
1765263835.6372669,4,,max,11.428385416666666
1765263835.6372669,5,0.9,p9000,0.009072621663411459
1765263835.6372669,5,0.95,p9500,0.013439178466796875
1765263835.6372669,5,0.99,p9900,0.0294345219930013
1765263835.6372669,5,0.999,p9990,0.07275644938151042
1765263835.6372669,5,0.9999,p9999,0.16460673014322916
1765263835.6372669,5,,max,3.1842447916666665
1765263835.6372669,6,0.9,p9000,0.00860595703125
1765263835.6372669,6,0.95,p9500,0.012819925944010416
1765263835.6372669,6,0.99,p9900,0.031682332356770836
1765263835.6372669,6,0.999,p9990,0.09129079182942708
1765263835.6372669,6,0.9999,p9999,0.20737075805664062
1765263835.6372669,6,,max,5.03515625
1765263835.6372669,7,0.9,p9000,0.010028839111328125
1765263835.6372669,7,0.95,p9500,0.014567057291666666
1765263835.6372669,7,0.99,p9900,0.03480307261149088
1765263835.6372669,7,0.999,p9990,0.10021209716796875
1765263835.6372669,7,0.9999,p9999,0.23302841186523438
1765263835.6372669,7,,max,6.7705078125
1765263835.6372669,8,0.9,p9000,0.010117848714192709
1765263835.6372669,8,0.95,p9500,0.014882405598958334
1765263835.6372669,8,0.99,p9900,0.0388641357421875
1765263835.6372669,8,0.999,p9990,0.11341158548990886
1765263835.6372669,8,0.9999,p9999,0.2597808837890625
1765263835.6372669,8,,max,11.011067708333334
1765263835.6372669,9,0.9,p9000,0.010313669840494791
1765263835.6372669,9,0.95,p9500,0.015589396158854166
1765263835.6372669,9,0.99,p9900,0.04084904988606771
1765263835.6372669,9,0.999,p9990,0.12519391377766928
1765263835.6372669,9,0.9999,p9999,0.28214772542317706
1765263835.6372669,9,,max,7.321614583333333
1765263835.6372669,10,0.9,p9000,0.010884602864583334
1765263835.6372669,10,0.95,p9500,0.016634623209635418
1765263835.6372669,10,0.99,p9900,0.045720418294270836
1765263835.6372669,10,0.999,p9990,0.13718732198079428
1765263835.6372669,10,0.9999,p9999,0.48771413167317706
1765263835.6372669,10,,max,5.3125
1765263835.6372669,11,0.9,p9000,0.011124928792317709
1765263835.6372669,11,0.95,p9500,0.017771402994791668
1765263835.6372669,11,0.99,p9900,0.0505987803141276
1765263835.6372669,11,0.999,p9990,0.14764022827148438
1765263835.6372669,11,0.9999,p9999,0.36488087972005206
1765263835.6372669,11,,max,6.602213541666667
1765263835.6372669,12,0.9,p9000,0.010500590006510416
1765263835.6372669,12,0.95,p9500,0.016330718994140625
1765263835.6372669,12,0.99,p9900,0.0483862559000651
1765263835.6372669,12,0.999,p9990,0.14834467569986978
1765263835.6372669,12,0.9999,p9999,0.34554290771484375
1765263835.6372669,12,,max,4.350911458333333
1765263835.6372669,13,0.9,p9000,0.010955810546875
1765263835.6372669,13,0.95,p9500,0.017690022786458332
1765263835.6372669,13,0.99,p9900,0.054402669270833336
1765263835.6372669,13,0.999,p9990,0.16305414835611978
1765263835.6372669,13,0.9999,p9999,0.44251759847005206
1765263835.6372669,13,,max,6.913411458333333
1765263835.6372669,14,0.9,p9000,0.011025746663411459
1765263835.6372669,14,0.95,p9500,0.01778411865234375
1765263835.6372669,14,0.99,p9900,0.058624267578125
1765263835.6372669,14,0.999,p9990,0.17690149943033853
1765263835.6372669,14,0.9999,p9999,0.3985087076822917
1765263835.6372669,14,,max,6.28515625
1765263835.6372669,15,0.9,p9000,0.012299855550130209
1765263835.6372669,15,0.95,p9500,0.02051544189453125
1765263835.6372669,15,0.99,p9900,0.07036399841308594
1765263835.6372669,15,0.999,p9990,0.23773829142252603
1765263835.6372669,15,0.9999,p9999,0.5236256917317709
1765263835.6372669,15,,max,7.670572916666667
1765263835.6372669,16,0.9,p9000,0.013167063395182291
1765263835.6372669,16,0.95,p9500,0.022539774576822918
1765263835.6372669,16,0.99,p9900,0.07552210489908855
1765263835.6372669,16,0.999,p9990,0.24810918172200522
1765263835.6372669,16,0.9999,p9999,1.293243408203125
1765263835.6372669,16,,max,18.434895833333332
1765263835.6372669,17,0.9,p9000,0.011333465576171875
1765263835.6372669,17,0.95,p9500,0.020365397135416668
1765263835.6372669,17,0.99,p9900,0.07408777872721355
1765263835.6372669,17,0.999,p9990,0.24186325073242188
1765263835.6372669,17,0.9999,p9999,0.7786661783854166
1765263835.6372669,17,,max,8.362630208333334
1765263835.6372669,18,0.9,p9000,0.0119781494140625
1765263835.6372669,18,0.95,p9500,0.022516886393229168
1765263835.6372669,18,0.99,p9900,0.0836804707845052
1765263835.6372669,18,0.999,p9990,0.25986480712890625
1765263835.6372669,18,0.9999,p9999,0.7018992106119791
1765263835.6372669,18,,max,30.231770833333332
1765263835.6372669,19,0.9,p9000,0.01308441162109375
1765263835.6372669,19,0.95,p9500,0.024275461832682293
1765263835.6372669,19,0.99,p9900,0.08595911661783855
1765263835.6372669,19,0.999,p9990,0.2761243184407552
1765263835.6372669,19,0.9999,p9999,1.4145100911458333
1765263835.6372669,19,,max,15.903645833333334
1765263835.6372669,20,0.9,p9000,0.013905843098958334
1765263835.6372669,20,0.95,p9500,0.025461832682291668
1765263835.6372669,20,0.99,p9900,0.0883928934733073
1765263835.6372669,20,0.999,p9990,0.26681772867838544
1765263835.6372669,20,0.9999,p9999,0.7014719645182291
1765263835.6372669,20,,max,7.770833333333333
1765263835.6372669,21,0.9,p9000,0.014858245849609375
1765263835.6372669,21,0.95,p9500,0.027187347412109375
1765263835.6372669,21,0.99,p9900,0.09153493245442708
1765263835.6372669,21,0.999,p9990,0.2674242655436198
1765263835.6372669,21,0.9999,p9999,0.7242228190104166
1765263835.6372669,21,,max,13.526041666666666
1765263835.6372669,22,0.9,p9000,0.015331268310546875
1765263835.6372669,22,0.95,p9500,0.02745819091796875
1765263835.6372669,22,0.99,p9900,0.09081141153971355
1765263835.6372669,22,0.999,p9990,0.2744038899739583
1765263835.6372669,22,0.9999,p9999,0.7360636393229166
1765263835.6372669,22,,max,10.626302083333334
1765263835.6372669,23,0.9,p9000,0.015360514322916666
1765263835.6372669,23,0.95,p9500,0.02721405029296875
1765263835.6372669,23,0.99,p9900,0.0924695332845052
1765263835.6372669,23,0.999,p9990,0.3042640686035156
1765263835.6372669,23,0.9999,p9999,0.786834716796875
1765263835.6372669,23,,max,12.795572916666666
1765263835.6372669,24,0.9,p9000,0.015424092610677084
1765263835.6372669,24,0.95,p9500,0.027669270833333332
1765263835.6372669,24,0.99,p9900,0.093231201171875
1765263835.6372669,24,0.999,p9990,0.27985509236653644
1765263835.6372669,24,0.9999,p9999,0.7559102376302084
1765263835.6372669,24,,max,12.220052083333334
1765263835.6372669,25,0.9,p9000,0.01726531982421875
1765263835.6372669,25,0.95,p9500,0.031687418619791664
1765263835.6372669,25,0.99,p9900,0.10743204752604167
1765263835.6372669,25,0.999,p9990,0.33104197184244794
1765263835.6372669,25,0.9999,p9999,0.8623148600260416
1765263835.6372669,25,,max,12.822916666666666
1765263835.6372669,26,0.9,p9000,0.019765218098958332
1765263835.6372669,26,0.95,p9500,0.0365447998046875
1765263835.6372669,26,0.99,p9900,0.12290445963541667
1765263835.6372669,26,0.999,p9990,0.35464731852213544
1765263835.6372669,26,0.9999,p9999,0.8260752360026041
1765263835.6372669,26,,max,11.598958333333334
1765263835.6372669,27,0.9,p9000,0.022252400716145832
1765263835.6372669,27,0.95,p9500,0.042584737141927086
1765263835.6372669,27,0.99,p9900,0.15342203776041666
1765263835.6372669,27,0.999,p9990,0.4613698323567708
1765263835.6372669,27,0.9999,p9999,1.318634033203125
1765263835.6372669,27,,max,14.567708333333334
1765263835.6372669,28,0.9,p9000,0.026392618815104168
1765263835.6372669,28,0.95,p9500,0.052342732747395836
1765263835.6372669,28,0.99,p9900,0.1998112996419271
1765263835.6372669,28,0.999,p9990,0.5761566162109375
1765263835.6372669,28,0.9999,p9999,1.0984395345052083
1765263835.6372669,28,,max,13.84375
1765263835.6372669,29,0.9,p9000,0.032763163248697914
1765263835.6372669,29,0.95,p9500,0.06716156005859375
1765263835.6372669,29,0.99,p9900,0.3062845865885417
1765263835.6372669,29,0.999,p9990,0.7257181803385416
1765263835.6372669,29,0.9999,p9999,1.8787841796875
1765263835.6372669,29,,max,38.125
1765263835.6372669,30,0.9,p9000,0.061126708984375
1765263835.6372669,30,0.95,p9500,0.130157470703125
1765263835.6372669,30,0.99,p9900,0.5313720703125
1765263835.6372669,30,0.999,p9990,1.4705912272135417
1765263835.6372669,30,0.9999,p9999,26.70947265625
1765263835.6372669,30,,max,3075.1666666666665
1765263835.6372669,31,0.9,p9000,0.4328206380208333
1765263835.6372669,31,0.95,p9500,0.7573649088541666
1765263835.6372669,31,0.99,p9900,2.6107177734375
1765263835.6372669,31,0.999,p9990,9.6219482421875
1765263835.6372669,31,0.9999,p9999,21.51025390625
1765263835.6372669,31,,max,72.3125
1765265683.831358,0,0.9,p9000,0.0033063888549804688
1765265683.831358,0,0.95,p9500,0.0050894419352213545
1765265683.831358,0,0.99,p9900,0.0166168212890625
1765265683.831358,0,0.999,p9990,0.1404139200846354
1765265683.831358,0,0.9999,p9999,1.2953694661458333
1765265683.831358,0,,max,2.203125
1765265683.831358,1,0.9,p9000,0.016292572021484375
1765265683.831358,1,0.95,p9500,0.0255279541015625
1765265683.831358,1,0.99,p9900,0.07176844278971355
1765265683.831358,1,0.999,p9990,0.42374928792317706
1765265683.831358,1,0.9999,p9999,72.97037760416667
1765265683.831358,1,,max,1479.3333333333333
1765265683.831358,2,0.9,p9000,0.0024401346842447915
1765265683.831358,2,0.95,p9500,0.004122416178385417
1765265683.831358,2,0.99,p9900,0.014695485432942709
1765265683.831358,2,0.999,p9990,0.0744489034016927
1765265683.831358,2,0.9999,p9999,0.3372039794921875
1765265683.831358,2,,max,4.625
1765265683.831358,3,0.9,p9000,0.0044027964274088545
1765265683.831358,3,0.95,p9500,0.007287343343098958
1765265683.831358,3,0.99,p9900,0.019193013509114582
1765265683.831358,3,0.999,p9990,0.051025708516438804
1765265683.831358,3,0.9999,p9999,0.12439282735188802
1765265683.831358,3,,max,1.9407552083333333
1765265683.831358,4,0.9,p9000,0.009455362955729166
1765265683.831358,4,0.95,p9500,0.015262603759765625
1765265683.831358,4,0.99,p9900,0.03936322530110677
1765265683.831358,4,0.999,p9990,0.1133282979329427
1765265683.831358,4,0.9999,p9999,5.536092122395833
1765265683.831358,4,,max,11.428385416666666
1765265683.831358,5,0.9,p9000,0.009072621663411459
1765265683.831358,5,0.95,p9500,0.013439178466796875
1765265683.831358,5,0.99,p9900,0.0294345219930013
1765265683.831358,5,0.999,p9990,0.07275644938151042
1765265683.831358,5,0.9999,p9999,0.16460673014322916
1765265683.831358,5,,max,3.1842447916666665
1765265683.831358,6,0.9,p9000,0.00860595703125
1765265683.831358,6,0.95,p9500,0.012819925944010416
1765265683.831358,6,0.99,p9900,0.031682332356770836
1765265683.831358,6,0.999,p9990,0.09129079182942708
1765265683.831358,6,0.9999,p9999,0.20737075805664062
1765265683.831358,6,,max,5.03515625
1765265683.831358,7,0.9,p9000,0.010028839111328125
1765265683.831358,7,0.95,p9500,0.014567057291666666
1765265683.831358,7,0.99,p9900,0.03480307261149088
1765265683.831358,7,0.999,p9990,0.10021209716796875
1765265683.831358,7,0.9999,p9999,0.23302841186523438
1765265683.831358,7,,max,6.7705078125
1765265683.831358,8,0.9,p9000,0.010117848714192709
1765265683.831358,8,0.95,p9500,0.014882405598958334
1765265683.831358,8,0.99,p9900,0.0388641357421875
1765265683.831358,8,0.999,p9990,0.11341158548990886
1765265683.831358,8,0.9999,p9999,0.2597808837890625
1765265683.831358,8,,max,11.011067708333334
1765265683.831358,9,0.9,p9000,0.010313669840494791
1765265683.831358,9,0.95,p9500,0.015589396158854166
1765265683.831358,9,0.99,p9900,0.04084904988606771
1765265683.831358,9,0.999,p9990,0.12519391377766928
1765265683.831358,9,0.9999,p9999,0.28214772542317706
1765265683.831358,9,,max,7.321614583333333
1765265683.831358,10,0.9,p9000,0.010884602864583334
1765265683.831358,10,0.95,p9500,0.016634623209635418
1765265683.831358,10,0.99,p9900,0.045720418294270836
1765265683.831358,10,0.999,p9990,0.13718732198079428
1765265683.831358,10,0.9999,p9999,0.48771413167317706
1765265683.831358,10,,max,5.3125
1765265683.831358,11,0.9,p9000,0.011124928792317709
1765265683.831358,11,0.95,p9500,0.017771402994791668
1765265683.831358,11,0.99,p9900,0.0505987803141276
1765265683.831358,11,0.999,p9990,0.14764022827148438
1765265683.831358,11,0.9999,p9999,0.36488087972005206
1765265683.831358,11,,max,6.602213541666667
1765265683.831358,12,0.9,p9000,0.010500590006510416
1765265683.831358,12,0.95,p9500,0.016330718994140625
1765265683.831358,12,0.99,p9900,0.0483862559000651
1765265683.831358,12,0.999,p9990,0.14834467569986978
1765265683.831358,12,0.9999,p9999,0.34554290771484375
1765265683.831358,12,,max,4.350911458333333
1765265683.831358,13,0.9,p9000,0.010955810546875
1765265683.831358,13,0.95,p9500,0.017690022786458332
1765265683.831358,13,0.99,p9900,0.054402669270833336
1765265683.831358,13,0.999,p9990,0.16305414835611978
1765265683.831358,13,0.9999,p9999,0.44251759847005206
1765265683.831358,13,,max,6.913411458333333
1765265683.831358,14,0.9,p9000,0.011025746663411459
1765265683.831358,14,0.95,p9500,0.01778411865234375
1765265683.831358,14,0.99,p9900,0.058624267578125
1765265683.831358,14,0.999,p9990,0.17690149943033853
1765265683.831358,14,0.9999,p9999,0.3985087076822917
1765265683.831358,14,,max,6.28515625
1765265683.831358,15,0.9,p9000,0.012299855550130209
1765265683.831358,15,0.95,p9500,0.02051544189453125
1765265683.831358,15,0.99,p9900,0.07036399841308594
1765265683.831358,15,0.999,p9990,0.23773829142252603
1765265683.831358,15,0.9999,p9999,0.5236256917317709
1765265683.831358,15,,max,7.670572916666667
1765265683.831358,16,0.9,p9000,0.013167063395182291
1765265683.831358,16,0.95,p9500,0.022539774576822918
1765265683.831358,16,0.99,p9900,0.07552210489908855
1765265683.831358,16,0.999,p9990,0.24810918172200522
1765265683.831358,16,0.9999,p9999,1.293243408203125
1765265683.831358,16,,max,18.434895833333332
1765265683.831358,17,0.9,p9000,0.011333465576171875
1765265683.831358,17,0.95,p9500,0.020365397135416668
1765265683.831358,17,0.99,p9900,0.07408777872721355
1765265683.831358,17,0.999,p9990,0.24186325073242188
1765265683.831358,17,0.9999,p9999,0.7786661783854166
1765265683.831358,17,,max,8.362630208333334
1765265683.831358,18,0.9,p9000,0.0119781494140625
1765265683.831358,18,0.95,p9500,0.022516886393229168
1765265683.831358,18,0.99,p9900,0.0836804707845052
1765265683.831358,18,0.999,p9990,0.25986480712890625
1765265683.831358,18,0.9999,p9999,0.7018992106119791
1765265683.831358,18,,max,30.231770833333332
1765265683.831358,19,0.9,p9000,0.01308441162109375
1765265683.831358,19,0.95,p9500,0.024275461832682293
1765265683.831358,19,0.99,p9900,0.08595911661783855
1765265683.831358,19,0.999,p9990,0.2761243184407552
1765265683.831358,19,0.9999,p9999,1.4145100911458333
1765265683.831358,19,,max,15.903645833333334
1765265683.831358,20,0.9,p9000,0.013905843098958334
1765265683.831358,20,0.95,p9500,0.025461832682291668
1765265683.831358,20,0.99,p9900,0.0883928934733073
1765265683.831358,20,0.999,p9990,0.26681772867838544
1765265683.831358,20,0.9999,p9999,0.7014719645182291
1765265683.831358,20,,max,7.770833333333333
1765265683.831358,21,0.9,p9000,0.014858245849609375
1765265683.831358,21,0.95,p9500,0.027187347412109375
1765265683.831358,21,0.99,p9900,0.09153493245442708
1765265683.831358,21,0.999,p9990,0.2674242655436198
1765265683.831358,21,0.9999,p9999,0.7242228190104166
1765265683.831358,21,,max,13.526041666666666
1765265683.831358,22,0.9,p9000,0.015331268310546875
1765265683.831358,22,0.95,p9500,0.02745819091796875
1765265683.831358,22,0.99,p9900,0.09081141153971355
1765265683.831358,22,0.999,p9990,0.2744038899739583
1765265683.831358,22,0.9999,p9999,0.7360636393229166
1765265683.831358,22,,max,10.626302083333334
1765265683.831358,23,0.9,p9000,0.015360514322916666
1765265683.831358,23,0.95,p9500,0.02721405029296875
1765265683.831358,23,0.99,p9900,0.0924695332845052
1765265683.831358,23,0.999,p9990,0.3042640686035156
1765265683.831358,23,0.9999,p9999,0.786834716796875
1765265683.831358,23,,max,12.795572916666666
1765265683.831358,24,0.9,p9000,0.015424092610677084
1765265683.831358,24,0.95,p9500,0.027669270833333332
1765265683.831358,24,0.99,p9900,0.093231201171875
1765265683.831358,24,0.999,p9990,0.27985509236653644
1765265683.831358,24,0.9999,p9999,0.7559102376302084
1765265683.831358,24,,max,12.220052083333334
1765265683.831358,25,0.9,p9000,0.01726531982421875
1765265683.831358,25,0.95,p9500,0.031687418619791664
1765265683.831358,25,0.99,p9900,0.10743204752604167
1765265683.831358,25,0.999,p9990,0.33104197184244794
1765265683.831358,25,0.9999,p9999,0.8623148600260416
1765265683.831358,25,,max,12.822916666666666
1765265683.831358,26,0.9,p9000,0.019765218098958332
1765265683.831358,26,0.95,p9500,0.0365447998046875
1765265683.831358,26,0.99,p9900,0.12290445963541667
1765265683.831358,26,0.999,p9990,0.35464731852213544
1765265683.831358,26,0.9999,p9999,0.8260752360026041
1765265683.831358,26,,max,11.598958333333334
1765265683.831358,27,0.9,p9000,0.022252400716145832
1765265683.831358,27,0.95,p9500,0.042584737141927086
1765265683.831358,27,0.99,p9900,0.15342203776041666
1765265683.831358,27,0.999,p9990,0.4613698323567708
1765265683.831358,27,0.9999,p9999,1.318634033203125
1765265683.831358,27,,max,14.567708333333334
1765265683.831358,28,0.9,p9000,0.026392618815104168
1765265683.831358,28,0.95,p9500,0.052342732747395836
1765265683.831358,28,0.99,p9900,0.1998112996419271
1765265683.831358,28,0.999,p9990,0.5761566162109375
1765265683.831358,28,0.9999,p9999,1.0984395345052083
1765265683.831358,28,,max,13.84375
1765265683.831358,29,0.9,p9000,0.032763163248697914
1765265683.831358,29,0.95,p9500,0.06716156005859375
1765265683.831358,29,0.99,p9900,0.3062845865885417
1765265683.831358,29,0.999,p9990,0.7257181803385416
1765265683.831358,29,0.9999,p9999,1.8787841796875
1765265683.831358,29,,max,38.125
1765265683.831358,30,0.9,p9000,0.061126708984375
1765265683.831358,30,0.95,p9500,0.130157470703125
1765265683.831358,30,0.99,p9900,0.5313720703125
1765265683.831358,30,0.999,p9990,1.4705912272135417
1765265683.831358,30,0.9999,p9999,26.70947265625
1765265683.831358,30,,max,3075.1666666666665
1765265683.831358,31,0.9,p9000,0.4328206380208333
1765265683.831358,31,0.95,p9500,0.7573649088541666
1765265683.831358,31,0.99,p9900,2.6107177734375
1765265683.831358,31,0.999,p9990,9.6219482421875
1765265683.831358,31,0.9999,p9999,21.51025390625
1765265683.831358,31,,max,72.3125
1765266249.769857,0,0.9,p9000,0.0033063888549804688
1765266249.769857,0,0.95,p9500,0.0050894419352213545
1765266249.769857,0,0.99,p9900,0.0166168212890625
1765266249.769857,0,0.999,p9990,0.1404139200846354
1765266249.769857,0,0.9999,p9999,1.2953694661458333
1765266249.769857,0,,max,2.203125
1765266249.769857,1,0.9,p9000,0.016292572021484375
1765266249.769857,1,0.95,p9500,0.0255279541015625
1765266249.769857,1,0.99,p9900,0.07176844278971355
1765266249.769857,1,0.999,p9990,0.42374928792317706
1765266249.769857,1,0.9999,p9999,72.97037760416667
1765266249.769857,1,,max,1479.3333333333333
1765266249.769857,2,0.9,p9000,0.0024401346842447915
1765266249.769857,2,0.95,p9500,0.004122416178385417
1765266249.769857,2,0.99,p9900,0.014695485432942709
1765266249.769857,2,0.999,p9990,0.0744489034016927
1765266249.769857,2,0.9999,p9999,0.3372039794921875
1765266249.769857,2,,max,4.625
1765266249.769857,3,0.9,p9000,0.0044027964274088545
1765266249.769857,3,0.95,p9500,0.007287343343098958
1765266249.769857,3,0.99,p9900,0.019193013509114582
1765266249.769857,3,0.999,p9990,0.051025708516438804
1765266249.769857,3,0.9999,p9999,0.12439282735188802
1765266249.769857,3,,max,1.9407552083333333
1765266249.769857,4,0.9,p9000,0.009455362955729166
1765266249.769857,4,0.95,p9500,0.015262603759765625
1765266249.769857,4,0.99,p9900,0.03936322530110677
1765266249.769857,4,0.999,p9990,0.1133282979329427
1765266249.769857,4,0.9999,p9999,5.536092122395833
1765266249.769857,4,,max,11.428385416666666
1765266249.769857,5,0.9,p9000,0.009072621663411459
1765266249.769857,5,0.95,p9500,0.013439178466796875
1765266249.769857,5,0.99,p9900,0.0294345219930013
1765266249.769857,5,0.999,p9990,0.07275644938151042
1765266249.769857,5,0.9999,p9999,0.16460673014322916
1765266249.769857,5,,max,3.1842447916666665
1765266249.769857,6,0.9,p9000,0.00860595703125
1765266249.769857,6,0.95,p9500,0.012819925944010416
1765266249.769857,6,0.99,p9900,0.031682332356770836
1765266249.769857,6,0.999,p9990,0.09129079182942708
1765266249.769857,6,0.9999,p9999,0.20737075805664062
1765266249.769857,6,,max,5.03515625
1765266249.769857,7,0.9,p9000,0.010028839111328125
1765266249.769857,7,0.95,p9500,0.014567057291666666
1765266249.769857,7,0.99,p9900,0.03480307261149088
1765266249.769857,7,0.999,p9990,0.10021209716796875
1765266249.769857,7,0.9999,p9999,0.23302841186523438
1765266249.769857,7,,max,6.7705078125
1765266249.769857,8,0.9,p9000,0.010117848714192709
1765266249.769857,8,0.95,p9500,0.014882405598958334
1765266249.769857,8,0.99,p9900,0.0388641357421875
1765266249.769857,8,0.999,p9990,0.11341158548990886
1765266249.769857,8,0.9999,p9999,0.2597808837890625
1765266249.769857,8,,max,11.011067708333334
1765266249.769857,9,0.9,p9000,0.010313669840494791
1765266249.769857,9,0.95,p9500,0.015589396158854166
1765266249.769857,9,0.99,p9900,0.04084904988606771
1765266249.769857,9,0.999,p9990,0.12519391377766928
1765266249.769857,9,0.9999,p9999,0.28214772542317706
1765266249.769857,9,,max,7.321614583333333
1765266249.769857,10,0.9,p9000,0.010884602864583334
1765266249.769857,10,0.95,p9500,0.016634623209635418
1765266249.769857,10,0.99,p9900,0.045720418294270836
1765266249.769857,10,0.999,p9990,0.13718732198079428
1765266249.769857,10,0.9999,p9999,0.48771413167317706
1765266249.769857,10,,max,5.3125
1765266249.769857,11,0.9,p9000,0.011124928792317709
1765266249.769857,11,0.95,p9500,0.017771402994791668
1765266249.769857,11,0.99,p9900,0.0505987803141276
1765266249.769857,11,0.999,p9990,0.14764022827148438
1765266249.769857,11,0.9999,p9999,0.36488087972005206
1765266249.769857,11,,max,6.602213541666667
1765266249.769857,12,0.9,p9000,0.010500590006510416
1765266249.769857,12,0.95,p9500,0.016330718994140625
1765266249.769857,12,0.99,p9900,0.0483862559000651
1765266249.769857,12,0.999,p9990,0.14834467569986978
1765266249.769857,12,0.9999,p9999,0.34554290771484375
1765266249.769857,12,,max,4.350911458333333
1765266249.769857,13,0.9,p9000,0.010955810546875
1765266249.769857,13,0.95,p9500,0.017690022786458332
1765266249.769857,13,0.99,p9900,0.054402669270833336
1765266249.769857,13,0.999,p9990,0.16305414835611978
1765266249.769857,13,0.9999,p9999,0.44251759847005206
1765266249.769857,13,,max,6.913411458333333
1765266249.769857,14,0.9,p9000,0.011025746663411459
1765266249.769857,14,0.95,p9500,0.01778411865234375
1765266249.769857,14,0.99,p9900,0.058624267578125
1765266249.769857,14,0.999,p9990,0.17690149943033853
1765266249.769857,14,0.9999,p9999,0.3985087076822917
1765266249.769857,14,,max,6.28515625
1765266249.769857,15,0.9,p9000,0.012299855550130209
1765266249.769857,15,0.95,p9500,0.02051544189453125
1765266249.769857,15,0.99,p9900,0.07036399841308594
1765266249.769857,15,0.999,p9990,0.23773829142252603
1765266249.769857,15,0.9999,p9999,0.5236256917317709
1765266249.769857,15,,max,7.670572916666667
1765266249.769857,16,0.9,p9000,0.013167063395182291
1765266249.769857,16,0.95,p9500,0.022539774576822918
1765266249.769857,16,0.99,p9900,0.07552210489908855
1765266249.769857,16,0.999,p9990,0.24810918172200522
1765266249.769857,16,0.9999,p9999,1.293243408203125
1765266249.769857,16,,max,18.434895833333332
1765266249.769857,17,0.9,p9000,0.011333465576171875
1765266249.769857,17,0.95,p9500,0.020365397135416668
1765266249.769857,17,0.99,p9900,0.07408777872721355
1765266249.769857,17,0.999,p9990,0.24186325073242188
1765266249.769857,17,0.9999,p9999,0.7786661783854166
1765266249.769857,17,,max,8.362630208333334
1765266249.769857,18,0.9,p9000,0.0119781494140625
1765266249.769857,18,0.95,p9500,0.022516886393229168
1765266249.769857,18,0.99,p9900,0.0836804707845052
1765266249.769857,18,0.999,p9990,0.25986480712890625
1765266249.769857,18,0.9999,p9999,0.7018992106119791
1765266249.769857,18,,max,30.231770833333332
1765266249.769857,19,0.9,p9000,0.01308441162109375
1765266249.769857,19,0.95,p9500,0.024275461832682293
1765266249.769857,19,0.99,p9900,0.08595911661783855
1765266249.769857,19,0.999,p9990,0.2761243184407552
1765266249.769857,19,0.9999,p9999,1.4145100911458333
1765266249.769857,19,,max,15.903645833333334
1765266249.769857,20,0.9,p9000,0.013905843098958334
1765266249.769857,20,0.95,p9500,0.025461832682291668
1765266249.769857,20,0.99,p9900,0.0883928934733073
1765266249.769857,20,0.999,p9990,0.26681772867838544
1765266249.769857,20,0.9999,p9999,0.7014719645182291
1765266249.769857,20,,max,7.770833333333333
1765266249.769857,21,0.9,p9000,0.014858245849609375
1765266249.769857,21,0.95,p9500,0.027187347412109375
1765266249.769857,21,0.99,p9900,0.09153493245442708
1765266249.769857,21,0.999,p9990,0.2674242655436198
1765266249.769857,21,0.9999,p9999,0.7242228190104166
1765266249.769857,21,,max,13.526041666666666
1765266249.769857,22,0.9,p9000,0.015331268310546875
1765266249.769857,22,0.95,p9500,0.02745819091796875
1765266249.769857,22,0.99,p9900,0.09081141153971355
1765266249.769857,22,0.999,p9990,0.2744038899739583
1765266249.769857,22,0.9999,p9999,0.7360636393229166
1765266249.769857,22,,max,10.626302083333334
1765266249.769857,23,0.9,p9000,0.015360514322916666
1765266249.769857,23,0.95,p9500,0.02721405029296875
1765266249.769857,23,0.99,p9900,0.0924695332845052
1765266249.769857,23,0.999,p9990,0.3042640686035156
1765266249.769857,23,0.9999,p9999,0.786834716796875
1765266249.769857,23,,max,12.795572916666666
1765266249.769857,24,0.9,p9000,0.015424092610677084
1765266249.769857,24,0.95,p9500,0.027669270833333332
1765266249.769857,24,0.99,p9900,0.093231201171875
1765266249.769857,24,0.999,p9990,0.27985509236653644
1765266249.769857,24,0.9999,p9999,0.7559102376302084
1765266249.769857,24,,max,12.220052083333334
1765266249.769857,25,0.9,p9000,0.01726531982421875
1765266249.769857,25,0.95,p9500,0.031687418619791664
1765266249.769857,25,0.99,p9900,0.10743204752604167
1765266249.769857,25,0.999,p9990,0.33104197184244794
1765266249.769857,25,0.9999,p9999,0.8623148600260416
1765266249.769857,25,,max,12.822916666666666
1765266249.769857,26,0.9,p9000,0.019765218098958332
1765266249.769857,26,0.95,p9500,0.0365447998046875
1765266249.769857,26,0.99,p9900,0.12290445963541667
1765266249.769857,26,0.999,p9990,0.35464731852213544
1765266249.769857,26,0.9999,p9999,0.8260752360026041
1765266249.769857,26,,max,11.598958333333334
1765266249.769857,27,0.9,p9000,0.022252400716145832
1765266249.769857,27,0.95,p9500,0.042584737141927086
1765266249.769857,27,0.99,p9900,0.15342203776041666
1765266249.769857,27,0.999,p9990,0.4613698323567708
1765266249.769857,27,0.9999,p9999,1.318634033203125
1765266249.769857,27,,max,14.567708333333334
1765266249.769857,28,0.9,p9000,0.026392618815104168
1765266249.769857,28,0.95,p9500,0.052342732747395836
1765266249.769857,28,0.99,p9900,0.1998112996419271
1765266249.769857,28,0.999,p9990,0.5761566162109375
1765266249.769857,28,0.9999,p9999,1.0984395345052083
1765266249.769857,28,,max,13.84375
1765266249.769857,29,0.9,p9000,0.032763163248697914
1765266249.769857,29,0.95,p9500,0.06716156005859375
1765266249.769857,29,0.99,p9900,0.3062845865885417
1765266249.769857,29,0.999,p9990,0.7257181803385416
1765266249.769857,29,0.9999,p9999,1.8787841796875
1765266249.769857,29,,max,38.125
1765266249.769857,30,0.9,p9000,0.061126708984375
1765266249.769857,30,0.95,p9500,0.130157470703125
1765266249.769857,30,0.99,p9900,0.5313720703125
1765266249.769857,30,0.999,p9990,1.4705912272135417
1765266249.769857,30,0.9999,p9999,26.70947265625
1765266249.769857,30,,max,3075.1666666666665
1765266249.769857,31,0.9,p9000,0.4328206380208333
1765266249.769857,31,0.95,p9500,0.7573649088541666
1765266249.769857,31,0.99,p9900,2.6107177734375
1765266249.769857,31,0.999,p9990,9.6219482421875
1765266249.769857,31,0.9999,p9999,21.51025390625
1765266249.769857,31,,max,72.3125
